reachId,waterLevel,turbidity,flowLevel,status,time
reach-a,4.5,20,0,正常,2026-10-01 08:00:00
reach-a,4.7,22,0,正常,2026-10-01 09:00:00
reach-a,5.0,25,1,正常,2026-10-01 10:00:00
reach-b,7.6,20,1,高水位警戒,2026-10-01 08:00:00
reach-b,8.0,22,2,高水位警戒,2026-10-01 09:00:00
reach-b,9.0,20,2,洪水预警,2026-10-01 10:00:00
reach-c,4.5,75,1,水质浑浊,2026-10-01 08:00:00
reach-c,4.8,80,1,水质浑浊,2026-10-01 09:00:00
reach-c,4.6,70,1,水质浑浊,2026-10-01 10:00:00reach-a,4.5,20,0,正常,2026-10-04 18:36:31
reach-b,9.0,20,2,洪水预警,2026-10-04 18:36:34
reach-c,4.5,75,1,水质浑浊,2026-10-04 18:36:37
reach-a,5.0,25,0,正常,2026-10-04 18:36:40
reach-b,7.8,20,2,高水位警戒,2026-10-04 18:36:43
reach-c,4.6,68,1,水质浑浊,2026-10-04 18:36:46
reach-a,7.6,20,1,高水位警戒,2026-10-04 18:36:49
reach-b,6.5,20,1,正常,2026-10-04 18:36:52
reach-c,4.7,55,1,正常,2026-10-04 18:36:55
reach-a,4.5,20,0,正常,2026-10-04 19:22:10
reach-b,9.0,20,2,洪水预警,2026-10-04 19:22:13
reach-c,4.5,75,1,水质浑浊,2026-10-04 19:22:16
reach-a,5.0,25,0,正常,2026-10-04 19:22:19
reach-b,7.8,20,2,高水位警戒,2026-10-04 19:22:22
reach-c,4.6,68,1,水质浑浊,2026-10-04 19:22:25
reach-a,7.6,20,1,高水位警戒,2026-10-04 19:22:28
reach-b,6.5,20,1,正常,2026-10-04 19:22:31
reach-c,4.7,55,1,正常,2026-10-04 19:22:34
reach-a,4.5,20,0,正常,2026-10-04 19:22:38
reach-b,9.0,20,2,洪水预警,2026-10-04 19:22:41
reach-c,4.5,75,1,水质浑浊,2026-10-04 19:22:44
reach-a,5.0,25,0,正常,2026-10-04 19:22:47
reach-b,7.8,20,2,高水位警戒,2026-10-04 19:22:50
reach-c,4.6,68,1,水质浑浊,2026-10-04 19:22:53
reach-a,7.6,20,1,高水位警戒,2026-10-04 19:22:56
reach-b,6.5,20,1,正常,2026-10-04 19:22:59
reach-c,4.7,55,1,正常,2026-10-04 19:23:02
reach-a,4.5,20,0,正常,2026-10-04 19:23:05
reach-b,9.0,20,2,洪水预警,2026-10-04 19:23:08
reach-c,4.5,75,1,水质浑浊,2026-10-04 19:23:11
reach-a,5.0,25,0,正常,2026-10-04 19:23:14
reach-b,7.8,20,2,高水位警戒,2026-10-04 19:23:17
reach-c,4.6,68,1,水质浑浊,2026-10-04 19:23:20
reach-a,7.6,20,1,高水位警戒,2026-10-04 19:23:23
reach-b,6.5,20,1,正常,2026-10-04 19:23:26
reach-c,4.7,55,1,正常,2026-10-04 19:23:29
reach-a,4.5,20,0,正常,2026-10-04 19:23:32
reach-b,9.0,20,2,洪水预警,2026-10-04 19:23:35
reach-c,4.5,75,1,水质浑浊,2026-10-04 19:23:38
reach-a,5.0,25,0,正常,2026-10-04 19:23:41
reach-b,7.8,20,2,高水位警戒,2026-10-04 19:23:44
reach-c,4.6,68,1,水质浑浊,2026-10-04 19:23:47
reach-a,7.6,20,1,高水位警戒,2026-10-04 19:23:50
reach-b,6.5,20,1,正常,2026-10-04 19:23:53
reach-c,4.7,55,1,正常,2026-10-04 19:23:56
reach-a,4.5,20,0,正常,2026-10-04 21:33:41
reach-b,9.0,20,2,洪水预警,2026-10-04 21:33:44
reach-c,4.5,75,1,水质浑浊,2026-10-04 21:33:47
reach-a,5.0,25,0,正常,2026-10-04 21:33:50
reach-b,7.8,20,2,高水位警戒,2026-10-04 21:33:53
reach-c,4.6,68,1,水质浑浊,2026-10-04 21:33:56
reach-a,7.6,20,1,高水位警戒,2026-10-04 21:33:59
reach-b,6.5,20,1,正常,2026-10-04 21:34:02
reach-c,4.7,55,1,正常,2026-10-04 21:34:05
reach-a,4.5,20,0,正常,2026-10-04 21:36:36
reach-b,9.0,20,2,洪水预警,2026-10-04 21:36:39
reach-c,4.5,75,1,水质浑浊,2026-10-04 21:36:42
reach-a,5.0,25,0,正常,2026-10-04 21:36:45
reach-b,7.8,20,2,高水位警戒,2026-10-04 21:36:48
reach-c,4.6,68,1,水质浑浊,2026-10-04 21:36:51
reach-a,7.6,20,1,高水位警戒,2026-10-04 21:36:54
reach-b,6.5,20,1,正常,2026-10-04 21:36:57
reach-c,4.7,55,1,正常,2026-10-04 21:37:00
reach-a,4.5,20,0,正常,2026-10-04 21:51:44
reach-b,9.0,20,2,洪水预警,2026-10-04 21:51:47
reach-c,4.5,75,1,水质浑浊,2026-10-04 21:51:50
reach-a,5.0,25,0,正常,2026-10-04 21:51:53
reach-b,7.8,20,2,高水位警戒,2026-10-04 21:51:56
reach-c,4.6,68,1,水质浑浊,2026-10-04 21:51:59
reach-a,7.6,20,1,高水位警戒,2026-10-04 21:52:02
reach-b,6.5,20,1,正常,2026-10-04 21:52:05
reach-c,4.7,55,1,正常,2026-10-04 21:52:08
reach-a,4.5,20,0,正常,2026-10-04 22:11:20
reach-b,9.0,20,2,洪水预警,2026-10-04 22:11:23
reach-c,4.5,75,1,水质浑浊,2026-10-04 22:11:26
reach-a,5.0,25,0,正常,2026-10-04 22:11:29
reach-b,7.8,20,2,高水位警戒,2026-10-04 22:11:32
reach-c,4.6,68,1,水质浑浊,2026-10-04 22:11:35
reach-a,7.6,20,1,高水位警戒,2026-10-04 22:11:38
reach-b,6.5,20,1,正常,2026-10-04 22:11:41
reach-c,4.7,55,1,正常,2026-10-04 22:11:44
reach-a,4.5,20,0,正常,2026-10-04 22:13:02
reach-b,9.0,20,2,洪水预警,2026-10-04 22:13:05
reach-c,4.5,75,1,水质浑浊,2026-10-04 22:13:08
reach-a,5.0,25,0,正常,2026-10-04 22:13:11
reach-b,7.8,20,2,高水位警戒,2026-10-04 22:13:14
reach-c,4.6,68,1,水质浑浊,2026-10-04 22:13:17
reach-a,7.6,20,1,高水位警戒,2026-10-04 22:13:20
reach-b,6.5,20,1,正常,2026-10-04 22:13:23
reach-c,4.7,55,1,正常,2026-10-04 22:13:26
reach-a,4.5,20,0,正常,2026-10-04 22:14:07
reach-b,9.0,20,2,洪水预警,2026-10-04 22:14:10
reach-c,4.5,75,1,水质浑浊,2026-10-04 22:14:13
reach-a,5.0,25,0,正常,2026-10-04 22:14:16
reach-b,7.8,20,2,高水位警戒,2026-10-04 22:14:19
reach-c,4.6,68,1,水质浑浊,2026-10-04 22:14:22
reach-a,7.6,20,1,高水位警戒,2026-10-04 22:14:25
reach-b,6.5,20,1,正常,2026-10-04 22:14:28
reach-c,4.7,55,1,正常,2026-10-04 22:14:31
reach-a,4.5,20,0,正常,2026-10-04 22:26:31
reach-b,9.0,20,2,洪水预警,2026-10-04 22:26:34
reach-c,4.5,75,1,水质浑浊,2026-10-04 22:26:37
reach-a,5.0,25,0,正常,2026-10-04 22:26:40
reach-b,7.8,20,2,高水位警戒,2026-10-04 22:26:43
reach-c,4.6,68,1,水质浑浊,2026-10-04 22:26:46
reach-a,7.6,20,1,高水位警戒,2026-10-04 22:26:49
reach-b,6.5,20,1,正常,2026-10-04 22:26:52
reach-c,4.7,55,1,正常,2026-10-04 22:26:55
reach-a,4.5,20,0,正常,2026-10-05 14:50:04
reach-b,9.0,20,2,洪水预警,2026-10-05 14:50:07
reach-c,4.5,75,1,水质浑浊,2026-10-05 14:50:10
reach-a,5.0,25,0,正常,2026-10-05 14:50:13
reach-b,7.8,20,2,高水位警戒,2026-10-05 14:50:16
reach-c,4.6,68,1,水质浑浊,2026-10-05 14:50:19
reach-a,7.6,20,1,高水位警戒,2026-10-05 14:50:22
reach-b,6.5,20,1,正常,2026-10-05 14:50:25
reach-c,4.7,55,1,正常,2026-10-05 14:50:28
reach-a,4.5,20,0,正常,2026-10-05 15:02:47
reach-b,9.0,20,2,洪水预警,2026-10-05 15:02:50
reach-c,4.5,75,1,水质浑浊,2026-10-05 15:02:53
reach-a,5.0,25,0,正常,2026-10-05 15:02:56
reach-b,7.8,20,2,高水位警戒,2026-10-05 15:02:59
reach-c,4.6,68,1,水质浑浊,2026-10-05 15:03:02
reach-a,7.6,20,1,高水位警戒,2026-10-05 15:03:05
reach-b,6.5,20,1,正常,2026-10-05 15:03:08
reach-c,4.7,55,1,正常,2026-10-05 15:03:11
reach-a,4.5,20,0,正常,2026-10-05 15:05:07
reach-b,9.0,20,2,洪水预警,2026-10-05 15:05:10
reach-c,4.5,75,1,水质浑浊,2026-10-05 15:05:13
reach-a,5.0,25,0,正常,2026-10-05 15:05:16
reach-b,7.8,20,2,高水位警戒,2026-10-05 15:05:19
reach-c,4.6,68,1,水质浑浊,2026-10-05 15:05:22
reach-a,7.6,20,1,高水位警戒,2026-10-05 15:05:25
reach-b,6.5,20,1,正常,2026-10-05 15:05:28
reach-c,4.7,55,1,正常,2026-10-05 15:05:31
reach-a,4.5,20,0,正常,2026-10-05 15:16:06
reach-b,9.0,20,2,洪水预警,2026-10-05 15:16:09
reach-c,4.5,75,1,水质浑浊,2026-10-05 15:16:12
reach-a,5.0,25,0,正常,2026-10-05 15:16:15
reach-b,7.8,20,2,高水位警戒,2026-10-05 15:16:18
reach-c,4.6,68,1,水质浑浊,2026-10-05 15:16:21
reach-a,7.6,20,1,高水位警戒,2026-10-05 15:16:24
reach-b,6.5,20,1,正常,2026-10-05 15:16:27
reach-c,4.7,55,1,正常,2026-10-05 15:16:30
reach-a,4.5,20,0,正常,2026-10-05 15:16:46
reach-b,9.0,20,2,洪水预警,2026-10-05 15:16:49
reach-c,4.5,75,1,水质浑浊,2026-10-05 15:16:52
reach-a,5.0,25,0,正常,2026-10-05 15:16:55
reach-b,7.8,20,2,高水位警戒,2026-10-05 15:16:58
reach-c,4.6,68,1,水质浑浊,2026-10-05 15:17:01
reach-a,7.6,20,1,高水位警戒,2026-10-05 15:17:04
reach-b,6.5,20,1,正常,2026-10-05 15:17:07
reach-c,4.7,55,1,正常,2026-10-05 15:17:10
